{
  "run_id": "20260716_170559",
  "results": {
    "high_conf_image": [
      0.1762000028975308,
      0.06100005703046918,
      0.054500007536262274,
      0.051499984692782164,
      0.05319999763742089,
      0.048799964133650064,
      0.046200002543628216,
      0.04469999112188816,
      0.04800001624971628,
      0.04279997665435076
    ],
    "low_conf_image": [
      0.18390000332146883,
      0.10200001997873187,
      0.0936999567784369,
      0.09190000128000975,
      0.14720001490786672,
      0.0974999857135117,
      0.08699996396899223,
      0.08239998714998364,
      0.0858000130392611,
      0.08519995026290417
    ],
    "high_conf_text": [
      0.059399986639618874,
      0.05659996531903744,
      0.07130001904442906,
      0.04840001929551363,
      0.0570000265724957,
      0.07160002132877707,
      0.04539999645203352,
      0.04569999873638153,
      0.04439998883754015,
      0.04509999416768551
    ],
    "low_conf_text": [
      0.09730004239827394,
      0.09029998909682035,
      0.16229995526373386,
      0.08450000314041972,
      0.0982999918051064,
      0.09370001498609781,
      0.07970002479851246,
      0.08030002936720848,
      0.08160003926604986,
      0.07790001109242439
    ],
    "hybrid_high": [
      0.3100000321865082,
      0.14409999130293727,
      0.13679999392479658,
      0.12350000906735659,
      0.15480001457035542,
      0.1531000016257167,
      0.11770002311095595,
      0.15519995940849185,
      0.1191999763250351,
      0.13990001752972603
    ],
    "hybrid_low": [
      0.1810999820008874,
      0.15570002142339945,
      0.166199984960258,
      0.15109998639672995,
      0.16460003098472953,
      0.15140004688873887,
      0.19910000264644623,
      0.15020003775134683,
      0.13910001143813133,
      0.15079998411238194
    ]
  },
  "fast_path_stats": {
    "total": 60,
    "fast_path": 30,
    "ratio": 0.5
  }
}