{
  "run_id": "20260716_170456",
  "results": {
    "high_conf_image": [
      0.27819996466860175,
      0.06839999696239829,
      0.09470002260059118,
      0.06059999577701092,
      0.04830001853406429,
      0.04689994966611266,
      0.07050001295283437,
      0.04929996794089675,
      0.0564999645575881,
      0.07050001295283437
    ],
    "low_conf_image": [
      0.2521999995224178,
      0.12079998850822449,
      0.14870002632960677,
      0.09970000246539712,
      0.12149999383836985,
      0.09469996439293027,
      0.10330002987757325,
      0.13380002928897738,
      0.09299995144829154,
      0.11830002767965198
    ],
    "high_conf_text": [
      0.07120001828297973,
      0.15440001152455807,
      0.07389998063445091,
      0.052799994591623545,
      0.05339999916031957,
      0.05520001286640763,
      0.0515999854542315,
      0.07850001566112041,
      0.048200017772614956,
      0.06250001024454832
    ],
    "low_conf_text": [
      0.10090001160278916,
      0.21279999054968357,
      0.31350000062957406,
      0.08929998148232698,
      0.08859997615218163,
      0.0838999985717237,
      0.10750000365078449,
      0.14670001110062003,
      0.08599995635449886,
      0.14099996769800782
    ],
    "hybrid_high": [
      0.387699983548373,
      0.228599994443357,
      0.16820000018924475,
      0.13180001405999064,
      0.15889998758211732,
      0.2449000021442771,
      0.12820004485547543,
      0.19970000721514225,
      0.2544000162743032,
      0.14270003885030746
    ],
    "hybrid_low": [
      0.2739999908953905,
      0.24120003217831254,
      0.19230000907555223,
      0.16070000128820539,
      0.15840004198253155,
      0.1993000041693449,
      0.208500016015023,
      0.16799999866634607,
      0.27630000840872526,
      0.2019999665208161
    ]
  },
  "fast_path_stats": {
    "total": 60,
    "fast_path": 30,
    "ratio": 0.5
  }
}