{
  "run_id": "20260716_170700",
  "results": {
    "high_conf_image": [
      0.22819999139755964,
      0.07379997987300158,
      0.14049996389076114,
      0.05709996912628412,
      0.05730002885684371
    ],
    "low_conf_image": [
      0.22650003666058183,
      0.11110003106296062,
      0.13840000610798597,
      0.0950000248849392,
      0.09549997048452497
    ],
    "high_conf_text": [
      0.08870003512129188,
      0.11580000864341855,
      0.06670004222542048,
      0.05070003680884838,
      0.04989997250959277
    ],
    "low_conf_text": [
      0.10659999679774046,
      0.1495999749749899,
      0.19619998056441545,
      0.139000010676682,
      0.13040000339969993
    ],
    "hybrid_high": [
      0.23889995645731688,
      0.21730002481490374,
      0.15279999934136868,
      0.15809998149052262,
      0.1349000376649201
    ],
    "hybrid_low": [
      0.2720999764278531,
      0.25400001322850585,
      0.16589998267591,
      0.17120002303272486,
      0.15389994950965047
    ]
  },
  "fast_path_stats": {
    "total": 30,
    "fast_path": 15,
    "ratio": 0.5
  }
}